id,name,model_id:id,group_id:id,perm_read,perm_write,perm_create,perm_unlink
access_fsm_route_user,fsm.route.user,model_fsm_route,fieldservice.group_fsm_user,1,0,0,0
access_fsm_route_dispatcher,fsm.route.dispatcher,model_fsm_route,fieldservice.group_fsm_dispatcher,1,1,1,1
access_fsm_route_day_user,fsm.route.day.user,model_fsm_route_day,fieldservice.group_fsm_user,1,0,0,0
access_fsm_route_day_dispatcher,fsm.route.day.dispatcher,model_fsm_route_day,fieldservice.group_fsm_manager,1,1,0,0
access_fsm_route_dayroute_user,fsm.route.dayroute.user,model_fsm_route_dayroute,fieldservice.group_fsm_user,1,1,0,0
access_fsm_route_dayroute_dispatcher,fsm.route.dayroute.dispatcher,model_fsm_route_dayroute,fieldservice.group_fsm_dispatcher,1,1,1,1
access_fsm_route_dayroute_portal,access.fsm.route.dayroute.portal,model_fsm_route_dayroute,base.group_portal,1,1,1,0
access_ir_sequence_portal,access.ir.sequence.portal,base.model_ir_sequence,base.group_portal,1,0,0,0
