<odoo noupdate="1">

    <record id="fsm_route_day_0" model="fsm.route.day">
        <field name="name">Monday</field>
    </record>

    <record id="fsm_route_day_1" model="fsm.route.day">
        <field name="name">Tuesday</field>
    </record>

    <record id="fsm_route_day_2" model="fsm.route.day">
        <field name="name">Wednesday</field>
    </record>

    <record id="fsm_route_day_3" model="fsm.route.day">
        <field name="name">Thursday</field>
    </record>

    <record id="fsm_route_day_4" model="fsm.route.day">
        <field name="name">Friday</field>
    </record>

    <record id="fsm_route_day_5" model="fsm.route.day">
        <field name="name">Saturday</field>
    </record>

    <record id="fsm_route_day_6" model="fsm.route.day">
        <field name="name">Sunday</field>
    </record>

</odoo>
