<odoo noupdate="1">

    <record id="fsm_stage_route_new" model="fsm.stage">
        <field name="name">New</field>
        <field name="sequence">10</field>
        <field name="is_default">True</field>
        <field name="stage_type">route</field>
        <field name="custom_color">#ECF0F1</field>
    </record>

    <record id="fsm_stage_route_close" model="fsm.stage">
        <field name="name">Closed</field>
        <field name="sequence">20</field>
        <field name="is_closed">True</field>
        <field name="stage_type">route</field>
        <field name="custom_color">#7F8C8D</field>
    </record>

</odoo>
